<?xml version="1.0" encoding="UTF-8" standalone="yes"?>
<addon id="plugin.video.sourakhupdates" name="Sourakh Updates" version="0.12.0" provider-name="Sourakh">
  <requires>
    <import addon="xbmc.python" version="2.1.0"/>
  </requires>
  <extension point="xbmc.python.pluginsource" library="default.py">
        <provides>video executable</provides>
  </extension>
  <extension point="xbmc.addon.metadata">
		<summary lang="en">Sourakh Updates</summary>
		<description lang="en">In this wizard you will find the latest Sourakh build</description>
		<disclaimer lang="en">Updates included are the following:.</disclaimer>
		<forum>http://sourakh.com/</forum>
		<source>http://sourakh.com/</source>
		<website>https://sourakh.com/</website>
		<platform>all</platform>
	</extension>
</addon>
