<?xml version="1.0" encoding="UTF-8" standalone="yes"?>
<addon id="plugin.video.bienetre"
	name="bienetre"
	version="1.0.5"
	provider-name="Sourakh.com">
  <requires>
    <import addon="xbmc.python" version="2.1.0"/>
    <import addon="script.module.addon.common" version="2.0.0"/>
    <import addon="plugin.video.youtube" version="5.0.0"/>
  </requires>
  <extension point="xbmc.python.pluginsource" library="default.py">
    <provides>video</provides>
  </extension>
  <extension point="xbmc.addon.metadata">
    <summary lang="en">bienetre</summary>
    <description lang="en">Retrouvez les sujets politiques, économiques et culturels qui font l'actualité marocaine.</description>
    <platform>all</platform>
    <forum>http://Sourakh.com</forum>
    <website>http://www.Sourakh.com/</website>
  </extension>
</addon>
