<?xml version="1.0" encoding="UTF-8" standalone="yes"?>
<addon id="repository.Kawakodi"
        name="Kawakodi Repository"
        version="0.0.1"
        provider-name="Venom">
    <extension point="xbmc.addon.repository" name="Kawakodi XBMC Addon Repository">
        <checksum>https://raw.githubusercontent.com/Kawakiw/kawakodi/master/addons.xml.md5</checksum>
        <info compressed="false">https://raw.githubusercontent.com/Kawakiw/kawakodi/master/addons.xml</info>
        <datadir zip="true">https://github.com/Kawakiw/kawakodi/raw/master/zips</datadir>
    </extension>

    <extension point="xbmc.addon.metadata">
        <summary lang="fr">Kawakodi Repository</summary>
        <description lang="fr">Installer Kawakodi</description>
        <summary lang="en">Kawakodi Repository</summary>
        <description lang="en">Download and install Kawakodi</description>
        <platform>all</platform>
    </extension>
</addon>