<?xml version="1.0" encoding="UTF-8" standalone="yes"?>
<addon id="plugin.video.divertissement"
	name="divertissement"
	version="1.0.1"
	provider-name="Sourakh.com">
  <requires>
    <import addon="xbmc.python" version="2.1.0"/>
    <import addon="script.module.addon.common" version="2.0.0"/>
    <import addon="plugin.video.youtube" version="5.0.0"/>
  </requires>
  <extension point="xbmc.python.pluginsource" library="default.py">
    <provides>video</provides>
  </extension>
  <extension point="xbmc.addon.metadata">
    <summary lang="en">divertissement</summary>
    <description lang="en">divertissement est une émission de télév humoristique, créée par Pierre Girard et Jacques Chevalier, présentant des vidéos amusantes dont le format est basée sur les caméras les caméras cachées.</description>
    <platform>all</platform>
    <forum>http://Sourakh.com</forum>
    <website>http://www.Sourakh.com/</website>
  </extension>
</addon>
